title,summary,date
S&P 500 INDEX (^SPX) Latest Stock News & Headlines - Yahoo Finance,Get the latest S&P 500 INDEX (^SPX) stock news and headlines to help you in your trading and investing decisions.,No Date
S&P 500 Gains and Losses Today: Broadcom Soars on ... - Investopedia,"S&P 500 Gains and Losses Today: Salesforce Stock Pops as AI Offering Impresses S&P 500 Gains and Losses Today: Hershey Stock Simmers as Mondelez Weighs Takeover S&P 500 Gains and Losses Today: Index Logs Record Close in Black Friday Session Nasdaq Composite Crosses 20,000 for First Time Top Stock Movers Now: Salesforce, JetBlue, GM, and More Apollo Global Management, Workday to Join S&P 500 S&P Global, formerly Standard & Poor's, is best known as a source of credit ratings for businesses and for its benchmark financial indices, including the S&P 500 Index. A qualified dividend is a payment to owners of stock shares that meets the IRS criteria for taxation at the capital gains tax rate.",No Date
(.SP500) | Stock Price & Latest News | Reuters,"Get S&P 500 Index (.SP500) real-time stock quotes, news, price and financial information from Reuters to inform your trading and investments ... S&P 500 Index.SP500. Official Data Partner. Latest",No Date
Stock market today: Wall Street climbs as S&P 500 closes out fourth ...,"Stock market today: Wall Street climbs as S&P 500 closes out fourth straight winning month Stock market today: Wall Street climbs as S&P 500 closes out fourth straight winning month Stocks on Wall Street finished broadly higher Friday as the market closed out its fourth straight winning month with solid gains. “The payroll data next week is incredibly important,” said Liz Young Thomas, head of investment strategy at SoFi. Markets in Europe rose initially following a report showing inflation fell sharply in the European Union this month.",No Date
"Stock market today: S&P 500 surges, Dow jumps over 450 points as stocks ...","The S&P 500 climbed nearly 1.2%, coming off a hefty weekly loss. The Dow Jones Industrial Average ( ^DJI ) jumped more than 450 points, or 1.2%, while the tech-heavy Nasdaq Composite ( ^IXIC",No Date
"S&P 500 Index (SP500) Analysis, News, And Chart Today - Seeking Alpha","A high-level overview of the S&P 500 Index (SP500). Get the latest S&P 500 chart, news, and analysis, including analyst predictions and forecasts for today.",No Date
S&P 500 Gains and Losses Today: Broadcom Soars on ... - Investopedia,"S&P 500 Gains and Losses Today: Salesforce Stock Pops as AI Offering Impresses S&P 500 Gains and Losses Today: Hershey Stock Simmers as Mondelez Weighs Takeover S&P 500 Gains and Losses Today: Index Logs Record Close in Black Friday Session Nasdaq Composite Crosses 20,000 for First Time Top Stock Movers Now: Salesforce, JetBlue, GM, and More Apollo Global Management, Workday to Join S&P 500 S&P Global, formerly Standard & Poor's, is best known as a source of credit ratings for businesses and for its benchmark financial indices, including the S&P 500 Index. A qualified dividend is a payment to owners of stock shares that meets the IRS criteria for taxation at the capital gains tax rate.",No Date
SPX | S&P 500 Index Stock Prices and Charts - WSJ - The Wall Street Journal,"Markets
Markets
S&P 500 Index SPX
News From WSJ S&P 500 IndexSPX
Major Stock Indexes
Historical Prices
Performance
Stock Futures
Movers SPX
Notes & Data Providers
Stocks: Real-time U.S. stock quotes reflect trades reported through Nasdaq only; comprehensive quotes and volume reflect trading in all markets and are delayed at least 15 minutes. FactSet (a) does not make any express or implied warranties of any kind regarding the data, including, without limitation, any warranty of merchantability or fitness for a particular purpose or use; and (b) shall not be liable for any errors, incompleteness, interruption or delay, action taken in reliance on any data, or for any damages resulting therefrom. Change value during the period between open outcry settle and the commencement of the next day's trading is calculated as the difference between the last trade and the prior day's settle. Source: Kantar Media
WSJ Membership
Customer Service
Tools & Features
Ads
More
Dow Jones Products Mutual Funds & ETFs: All of the mutual fund and ETF information contained in this display, with the exception of the current price and price history, was supplied by Lipper, A Refinitiv Company, subject to the following: Copyright © Refinitiv.",No Date
"Stock market today: S&P 500, Nasdaq hit records as Fed cuts rates, post ...","Stock market today: S&P 500, Nasdaq hit records as Fed cuts rates, post-election rally rolls on A tech-led rally brought new record highs for the S&P 500 (^GSPC) and Nasdaq Composite (^IXIC) Thursday as investors digested a fresh interest rate cut from the Federal Reserve and Donald Trump's electoral victory. In a press conference that kicked off at 2:30 p.m. ET following the Federal Reserve's latest policy decision, Fed Chair Jerome Powell addressed the election results, noting the central bank will not make decisions based on expected policy changes from a new administration. As Yahoo Finance's Jennifer Schonberger reports, the Federal Reserve is expected to cut interest rates by 25 basis points and avoid any unnecessary surprises after the election of Trump as the next president.",No Date
"S&P 500, Nasdaq Hit New Records As Markets Eye US Rate Cut","But the broad-based S&P 500 added 0.1 percent at 6,049.88, a third straight record, while the tech-rich Nasdaq Composite Index climbed 0.4 percent to 19,480.91, scoring its second straight record.",No Date
S&P 500 INDEX (^SPX) Latest Stock News & Headlines - Yahoo Finance,Get the latest S&P 500 INDEX (^SPX) stock news and headlines to help you in your trading and investing decisions.,No Date
S&P 500 Gains and Losses Today: Broadcom Soars on ... - Investopedia,"S&P 500 Gains and Losses Today: Salesforce Stock Pops as AI Offering Impresses S&P 500 Gains and Losses Today: Hershey Stock Simmers as Mondelez Weighs Takeover S&P 500 Gains and Losses Today: Index Logs Record Close in Black Friday Session Nasdaq Composite Crosses 20,000 for First Time Top Stock Movers Now: Salesforce, JetBlue, GM, and More Apollo Global Management, Workday to Join S&P 500 S&P Global, formerly Standard & Poor's, is best known as a source of credit ratings for businesses and for its benchmark financial indices, including the S&P 500 Index. A qualified dividend is a payment to owners of stock shares that meets the IRS criteria for taxation at the capital gains tax rate.",No Date
(.SP500) | Stock Price & Latest News | Reuters,"Get S&P 500 Index (.SP500) real-time stock quotes, news, price and financial information from Reuters to inform your trading and investments ... S&P 500 Index.SP500. Official Data Partner. Latest",No Date
SPX | S&P 500 Index Stock Prices and Charts - WSJ - The Wall Street Journal,"Markets
Markets
S&P 500 Index SPX
News From WSJ S&P 500 IndexSPX
Major Stock Indexes
Historical Prices
Performance
Stock Futures
Movers SPX
Notes & Data Providers
Stocks: Real-time U.S. stock quotes reflect trades reported through Nasdaq only; comprehensive quotes and volume reflect trading in all markets and are delayed at least 15 minutes. FactSet (a) does not make any express or implied warranties of any kind regarding the data, including, without limitation, any warranty of merchantability or fitness for a particular purpose or use; and (b) shall not be liable for any errors, incompleteness, interruption or delay, action taken in reliance on any data, or for any damages resulting therefrom. Change value during the period between open outcry settle and the commencement of the next day's trading is calculated as the difference between the last trade and the prior day's settle. Source: Kantar Media
WSJ Membership
Customer Service
Tools & Features
Ads
More
Dow Jones Products Mutual Funds & ETFs: All of the mutual fund and ETF information contained in this display, with the exception of the current price and price history, was supplied by Lipper, A Refinitiv Company, subject to the following: Copyright © Refinitiv.",No Date
"S&P 500 (SPX) Latest Quotes, Charts, Data & News | Nasdaq","S&P 500 (SPX) Latest Quotes, Charts, Data & News | Nasdaq Nasdaq+ *   Nasdaq-100 Nasdaq U.S. Data *   Nasdaq-100 Index Options *   Nasdaq Data Link *   Nasdaq-100 Index Nasdaq MarketSite Nasdaq+ About Nasdaq+ -> Leverage the Nasdaq+ Scorecard to analyze stocks based on your investment priorities and our market data. Leverage the Nasdaq+ Scorecard to analyze stocks based on your investment priorities and our market data. Nasdaq MarketSIte Add symbols now or see the quotes that matter to you, anywhere on Nasdaq.com. Add instruments now or see the quotes that matter to you, anywhere on Nasdaq.com. You'll now be able to see real-time price and activity for your symbols on the My Quotes of Nasdaq.com.",No Date
S&P 500 INDEX (^SPX) Latest Stock News & Headlines - Yahoo Finance,Get the latest S&P 500 INDEX (^SPX) stock news and headlines to help you in your trading and investing decisions.,No Date
S&P 500 Gains and Losses Today: Broadcom Soars on ... - Investopedia,"S&P 500 Gains and Losses Today: Salesforce Stock Pops as AI Offering Impresses S&P 500 Gains and Losses Today: Hershey Stock Simmers as Mondelez Weighs Takeover S&P 500 Gains and Losses Today: Index Logs Record Close in Black Friday Session Nasdaq Composite Crosses 20,000 for First Time Top Stock Movers Now: Salesforce, JetBlue, GM, and More Apollo Global Management, Workday to Join S&P 500 S&P Global, formerly Standard & Poor's, is best known as a source of credit ratings for businesses and for its benchmark financial indices, including the S&P 500 Index. A qualified dividend is a payment to owners of stock shares that meets the IRS criteria for taxation at the capital gains tax rate.",No Date
(.SP500) | Stock Price & Latest News | Reuters,"Get S&P 500 Index (.SP500) real-time stock quotes, news, price and financial information from Reuters to inform your trading and investments ... S&P 500 Index.SP500. Official Data Partner. Latest",No Date
S&P 500 jumps to best day in 5 months as tech ... - Associated Press News,"The Associated Press is an independent global news organization dedicated to factual reporting. Founded in 1846, AP today remains the most trusted source of fast, accurate, unbiased news in all formats and the essential provider of the technology and services vital to the news business. ... All told, the S&P 500 rose 85.86 points to 5,522.30",No Date
Stock market today: Wall Street climbs as S&P 500 closes out fourth ...,"Stock market today: Wall Street climbs as S&P 500 closes out fourth straight winning month Stock market today: Wall Street climbs as S&P 500 closes out fourth straight winning month Stocks on Wall Street finished broadly higher Friday as the market closed out its fourth straight winning month with solid gains. “The payroll data next week is incredibly important,” said Liz Young Thomas, head of investment strategy at SoFi. Markets in Europe rose initially following a report showing inflation fell sharply in the European Union this month.",No Date
S&P 500 INDEX (^SPX) Latest Stock News & Headlines - Yahoo Finance,Get the latest S&P 500 INDEX (^SPX) stock news and headlines to help you in your trading and investing decisions.,No Date
S&P 500 Gains and Losses Today: Broadcom Soars on ... - Investopedia,"S&P 500 Gains and Losses Today: Salesforce Stock Pops as AI Offering Impresses S&P 500 Gains and Losses Today: Hershey Stock Simmers as Mondelez Weighs Takeover S&P 500 Gains and Losses Today: Index Logs Record Close in Black Friday Session Nasdaq Composite Crosses 20,000 for First Time Top Stock Movers Now: Salesforce, JetBlue, GM, and More Apollo Global Management, Workday to Join S&P 500 S&P Global, formerly Standard & Poor's, is best known as a source of credit ratings for businesses and for its benchmark financial indices, including the S&P 500 Index. A qualified dividend is a payment to owners of stock shares that meets the IRS criteria for taxation at the capital gains tax rate.",No Date
(.SP500) | Stock Price & Latest News | Reuters,"Get S&P 500 Index (.SP500) real-time stock quotes, news, price and financial information from Reuters to inform your trading and investments ... S&P 500 Index.SP500. Official Data Partner. Latest",No Date
S&P 500 jumps to best day in 5 months as tech ... - Associated Press News,"The Associated Press is an independent global news organization dedicated to factual reporting. Founded in 1846, AP today remains the most trusted source of fast, accurate, unbiased news in all formats and the essential provider of the technology and services vital to the news business. ... All told, the S&P 500 rose 85.86 points to 5,522.30",No Date
Stock market today: Wall Street climbs as S&P 500 closes out fourth ...,"Stock market today: Wall Street climbs as S&P 500 closes out fourth straight winning month Stock market today: Wall Street climbs as S&P 500 closes out fourth straight winning month Stocks on Wall Street finished broadly higher Friday as the market closed out its fourth straight winning month with solid gains. “The payroll data next week is incredibly important,” said Liz Young Thomas, head of investment strategy at SoFi. Markets in Europe rose initially following a report showing inflation fell sharply in the European Union this month.",No Date
S&P 500 INDEX (^SPX) Latest Stock News & Headlines - Yahoo Finance,Get the latest S&P 500 INDEX (^SPX) stock news and headlines to help you in your trading and investing decisions.,No Date
S&P 500 Gains and Losses Today: Broadcom Soars on ... - Investopedia,"S&P 500 Gains and Losses Today: Salesforce Stock Pops as AI Offering Impresses S&P 500 Gains and Losses Today: Hershey Stock Simmers as Mondelez Weighs Takeover S&P 500 Gains and Losses Today: Index Logs Record Close in Black Friday Session Nasdaq Composite Crosses 20,000 for First Time Top Stock Movers Now: Salesforce, JetBlue, GM, and More Apollo Global Management, Workday to Join S&P 500 S&P Global, formerly Standard & Poor's, is best known as a source of credit ratings for businesses and for its benchmark financial indices, including the S&P 500 Index. A qualified dividend is a payment to owners of stock shares that meets the IRS criteria for taxation at the capital gains tax rate.",No Date
"S&P 500 INDEX (^SPX) Stock Price, News, Quote & History - Yahoo Finance","Find the latest S&P 500 INDEX (^SPX) stock quote, history, news and other vital information to help you with your stock trading and investing.",No Date
S&P 500 jumps to best day in 5 months as tech ... - Associated Press News,"The Associated Press is an independent global news organization dedicated to factual reporting. Founded in 1846, AP today remains the most trusted source of fast, accurate, unbiased news in all formats and the essential provider of the technology and services vital to the news business. ... All told, the S&P 500 rose 85.86 points to 5,522.30",No Date
"Tame US inflation boosts S&P 500, Nasdaq rallies above 20,000","NEW YORK, Dec 11 (Reuters) - Wall Street's benchmark S&P 500 index rose on Wednesday and a rally in tech stocks lifted the Nasdaq above the 20,000-point milestone for the first time, after a U.S. inflation report boosted expectations of a Federal Reserve interest rate cut. ### Dollar higher after CPI; China considers letting yuan weaken NEW YORK, Dec 11 (Reuters) - The dollar was higher on Wednesday after U.S. price data came in line with forecasts, reinforcing expectations the U.S. Federal Reserve will cut interest rates next week.The dollar was also boosted by a Reuters report China was considering allowing a weaker currency next year, which sent the yuan and other Asian currencies lower.",No Date
S&P 500 INDEX (^SPX) Latest Stock News & Headlines - Yahoo Finance,Get the latest S&P 500 INDEX (^SPX) stock news and headlines to help you in your trading and investing decisions.,No Date
S&P 500 Gains and Losses Today: Broadcom Soars on ... - Investopedia,"S&P 500 Gains and Losses Today: Salesforce Stock Pops as AI Offering Impresses S&P 500 Gains and Losses Today: Hershey Stock Simmers as Mondelez Weighs Takeover S&P 500 Gains and Losses Today: Index Logs Record Close in Black Friday Session Nasdaq Composite Crosses 20,000 for First Time Top Stock Movers Now: Salesforce, JetBlue, GM, and More Apollo Global Management, Workday to Join S&P 500 S&P Global, formerly Standard & Poor's, is best known as a source of credit ratings for businesses and for its benchmark financial indices, including the S&P 500 Index. A qualified dividend is a payment to owners of stock shares that meets the IRS criteria for taxation at the capital gains tax rate.",No Date
(.SP500) | Stock Price & Latest News | Reuters,"Get S&P 500 Index (.SP500) real-time stock quotes, news, price and financial information from Reuters to inform your trading and investments ... S&P 500 Index.SP500. Official Data Partner. Latest",No Date
(.SPX) | Stock Price & Latest News | Reuters,"S&P 500 Index.SPX. Official Data Partner. Latest Trade. trading higher 6,052.85 USD. Change 0 % Change 0.00% As of Dec 10, 2024. Values delayed up to 15 minutes ... Reuters, the news and media",No Date
"S&P 500 INDEX (^SPX) Stock Price, News, Quote & History - Yahoo Finance","Find the latest S&P 500 INDEX (^SPX) stock quote, history, news and other vital information to help you with your stock trading and investing.",No Date
S&P 500 INDEX (^SPX) Latest Stock News & Headlines - Yahoo Finance,Get the latest S&P 500 INDEX (^SPX) stock news and headlines to help you in your trading and investing decisions.,No Date
S&P 500 Gains and Losses Today: Broadcom Soars on ... - Investopedia,"S&P 500 Gains and Losses Today: Salesforce Stock Pops as AI Offering Impresses S&P 500 Gains and Losses Today: Hershey Stock Simmers as Mondelez Weighs Takeover S&P 500 Gains and Losses Today: Index Logs Record Close in Black Friday Session Nasdaq Composite Crosses 20,000 for First Time Top Stock Movers Now: Salesforce, JetBlue, GM, and More Apollo Global Management, Workday to Join S&P 500 S&P Global, formerly Standard & Poor's, is best known as a source of credit ratings for businesses and for its benchmark financial indices, including the S&P 500 Index. A qualified dividend is a payment to owners of stock shares that meets the IRS criteria for taxation at the capital gains tax rate.",No Date
(.SP500) | Stock Price & Latest News | Reuters,"Get S&P 500 Index (.SP500) real-time stock quotes, news, price and financial information from Reuters to inform your trading and investments ... S&P 500 Index.SP500. Official Data Partner. Latest",No Date
"S&P 500 INDEX (^SPX) Stock Price, News, Quote & History - Yahoo Finance","Find the latest S&P 500 INDEX (^SPX) stock quote, history, news and other vital information to help you with your stock trading and investing.",No Date
Stock market today: Wall Street climbs as S&P 500 closes out fourth ...,"Stock market today: Wall Street climbs as S&P 500 closes out fourth straight winning month Stock market today: Wall Street climbs as S&P 500 closes out fourth straight winning month Stocks on Wall Street finished broadly higher Friday as the market closed out its fourth straight winning month with solid gains. “The payroll data next week is incredibly important,” said Liz Young Thomas, head of investment strategy at SoFi. Markets in Europe rose initially following a report showing inflation fell sharply in the European Union this month.",No Date
S&P 500 INDEX (^SPX) Latest Stock News & Headlines - Yahoo Finance,Get the latest S&P 500 INDEX (^SPX) stock news and headlines to help you in your trading and investing decisions.,No Date
S&P 500 Gains and Losses Today: Broadcom Soars on ... - Investopedia,"S&P 500 Gains and Losses Today: Salesforce Stock Pops as AI Offering Impresses S&P 500 Gains and Losses Today: Hershey Stock Simmers as Mondelez Weighs Takeover S&P 500 Gains and Losses Today: Index Logs Record Close in Black Friday Session Nasdaq Composite Crosses 20,000 for First Time Top Stock Movers Now: Salesforce, JetBlue, GM, and More Apollo Global Management, Workday to Join S&P 500 S&P Global, formerly Standard & Poor's, is best known as a source of credit ratings for businesses and for its benchmark financial indices, including the S&P 500 Index. A qualified dividend is a payment to owners of stock shares that meets the IRS criteria for taxation at the capital gains tax rate.",No Date
SPX | S&P 500 Index Stock Prices and Charts - WSJ - The Wall Street Journal,"Markets
Markets
S&P 500 Index SPX
News From WSJ S&P 500 IndexSPX
Major Stock Indexes
Historical Prices
Performance
Stock Futures
Movers SPX
Notes & Data Providers
Stocks: Real-time U.S. stock quotes reflect trades reported through Nasdaq only; comprehensive quotes and volume reflect trading in all markets and are delayed at least 15 minutes. FactSet (a) does not make any express or implied warranties of any kind regarding the data, including, without limitation, any warranty of merchantability or fitness for a particular purpose or use; and (b) shall not be liable for any errors, incompleteness, interruption or delay, action taken in reliance on any data, or for any damages resulting therefrom. Change value during the period between open outcry settle and the commencement of the next day's trading is calculated as the difference between the last trade and the prior day's settle. Source: Kantar Media
WSJ Membership
Customer Service
Tools & Features
Ads
More
Dow Jones Products Mutual Funds & ETFs: All of the mutual fund and ETF information contained in this display, with the exception of the current price and price history, was supplied by Lipper, A Refinitiv Company, subject to the following: Copyright © Refinitiv.",No Date
"S&P 500 (SPX) Latest Quotes, Charts, Data & News | Nasdaq","S&P 500 (SPX) Latest Quotes, Charts, Data & News | Nasdaq Nasdaq+ *   Nasdaq-100 Nasdaq U.S. Data *   Nasdaq-100 Index Options *   Nasdaq Data Link *   Nasdaq-100 Index Nasdaq MarketSite Nasdaq+ About Nasdaq+ -> Leverage the Nasdaq+ Scorecard to analyze stocks based on your investment priorities and our market data. Leverage the Nasdaq+ Scorecard to analyze stocks based on your investment priorities and our market data. Nasdaq MarketSIte Add symbols now or see the quotes that matter to you, anywhere on Nasdaq.com. Add instruments now or see the quotes that matter to you, anywhere on Nasdaq.com. You'll now be able to see real-time price and activity for your symbols on the My Quotes of Nasdaq.com.",No Date
S&P 500 INDEX TODAY | INX LIVE TICKER - Markets Insider,"Realtime Prices for S&P 500 Stocks
Historical Prices for S&P 500
Analyst Opinions for S&P 500
S&P 500 Key Figures
Biggest Gainers
Biggest Losers
Market Cap
Indices
Commodities
Currencies
Stocks S&P 500
Index , INX
Snapshot
News
Tech leads US stocks higher as Google soars and traders eye big November jobs report
Investors pushed the S&P 500 to its first winning session after three consecutive days of losses. The 10-year Treasury yield could plunge to its lowest in nearly 2 years as the bond market rally still has room to run, Bank of America says
The 10-year rate could fall as low as 2.25% next year, according to Bank of America, down from about 4.12% now.
 Investors should prepare for a long period of volatility as the US economy climbs out of its 'deep hole,' BlackRock says
""Seemingly strong US growth actually reflects an economy that's still climbing out of a deep hole created by the pandemic shock,"" BlackRock warned.
 Investors love Google's answer to ChatGPT
Google rolled out its impressive new AI tool, Gemini, to a strong fanfare from Wall Street, sending shares of Alphabet soaring.
",No Date
S&P 500 INDEX (^SPX) Latest Stock News & Headlines - Yahoo Finance,Get the latest S&P 500 INDEX (^SPX) stock news and headlines to help you in your trading and investing decisions.,No Date
S&P 500 Gains and Losses Today: Broadcom Soars on ... - Investopedia,"S&P 500 Gains and Losses Today: Salesforce Stock Pops as AI Offering Impresses S&P 500 Gains and Losses Today: Hershey Stock Simmers as Mondelez Weighs Takeover S&P 500 Gains and Losses Today: Index Logs Record Close in Black Friday Session Nasdaq Composite Crosses 20,000 for First Time Top Stock Movers Now: Salesforce, JetBlue, GM, and More Apollo Global Management, Workday to Join S&P 500 S&P Global, formerly Standard & Poor's, is best known as a source of credit ratings for businesses and for its benchmark financial indices, including the S&P 500 Index. A qualified dividend is a payment to owners of stock shares that meets the IRS criteria for taxation at the capital gains tax rate.",No Date
"S&P 500 INDEX (^SPX) Stock Price, News, Quote & History - Yahoo Finance","Find the latest S&P 500 INDEX (^SPX) stock quote, history, news and other vital information to help you with your stock trading and investing.",No Date
"Tame US inflation boosts S&P 500, Nasdaq rallies above 20,000","NEW YORK, Dec 11 (Reuters) - Wall Street's benchmark S&P 500 index rose on Wednesday and a rally in tech stocks lifted the Nasdaq above the 20,000-point milestone for the first time, after a U.S. inflation report boosted expectations of a Federal Reserve interest rate cut. ### Dollar higher after CPI; China considers letting yuan weaken NEW YORK, Dec 11 (Reuters) - The dollar was higher on Wednesday after U.S. price data came in line with forecasts, reinforcing expectations the U.S. Federal Reserve will cut interest rates next week.The dollar was also boosted by a Reuters report China was considering allowing a weaker currency next year, which sent the yuan and other Asian currencies lower.",No Date
Stock market today: Wall Street climbs as S&P 500 closes out fourth ...,"Stock market today: Wall Street climbs as S&P 500 closes out fourth straight winning month Stock market today: Wall Street climbs as S&P 500 closes out fourth straight winning month Stocks on Wall Street finished broadly higher Friday as the market closed out its fourth straight winning month with solid gains. “The payroll data next week is incredibly important,” said Liz Young Thomas, head of investment strategy at SoFi. Markets in Europe rose initially following a report showing inflation fell sharply in the European Union this month.",No Date
